conc.,E,sc,topline,bottline,x8,x7,x6,x5,x4,x3,x2,x1,x0
1,0.1,10,0,1,5425028.09,-2329997.573,420483.9113,-41262.77796,2393.955657,-82.8844397,1.685451689,-0.016123614,-0.000397246
1,-0.1,10,0,1,-142002.5773,21038.83478,19607.30063,3644.186761,337.1938551,19.58753504,0.896139449,0.037290616,0.000485608
1,0.1,25,0,1,7477179.418,-3283545.161,608235.0757,-61772.09349,3743.331479,-136.9539812,2.975913423,-0.025154715,-0.000706633
1,-0.1,25,0,1,3551330.855,1265361.971,186471.7167,14808.71835,700.667517,21.86567377,0.659493814,0.038200238,0.000850306
1,0.1,50,0,1,4632457.856,-1932515.829,337493.4605,-32128.47428,1823.327664,-62.97715182,1.358155253,-0.001889555,-0.000939828
1,-0.1,50,0,1,3890940.417,1444438.081,221956.584,18250.13031,869.4039333,24.95514803,0.565279637,0.035596797,0.00093829
1,0.1,75,0,1,4228375.43,-1740444.849,298573.2222,-27755.59287,1525.256752,-50.43770236,1.031971168,0.005768207,-0.00096982
1,-0.1,75,0,1,5213766.236,1950951.599,301200.844,24728.72749,1161.713957,31.78069441,0.598102842,0.034277741,0.000874207
1,0.1,100,0,1,4263269.37,-1747481.621,298221.2349,-27556.69016,1504.505022,-49.47878473,1.004184132,0.008013642,-0.000926301
1,-0.1,100,0,1,8116512.813,3022708.769,462456.6861,37403.0826,1715.26926,44.86099481,0.728686518,0.034115996,0.000794962
1,0.2,10,0,1,18493.77293,-13741.6546,4279.6175,-713.2042019,68.95927095,-3.890946497,0.123720519,-0.001504337,-0.000494576
1,-0.2,10,0,1,25933.0177,20618.04706,6891.758562,1278.403795,148.9131933,12.09912765,0.761612241,0.037567172,0.00054153
1,0.2,25,0,1,78134.60077,-64660.00513,22164.11721,-4061.236849,429.6787093,-26.26204865,0.900764706,-0.012043427,-0.001112505
1,-0.2,25,0,1,44585.34881,33740.59215,10475.54382,1730.13092,167.0620299,10.38933741,0.570303171,0.043076544,0.001289428
1,0.2,50,0,1,-126760.1567,110980.3762,-40342.27567,7872.065112,-888.177167,58.16662541,-2.057674619,0.042689302,-0.001932442
1,-0.2,50,0,1,96806.22479,73078.92245,22526.77615,3651.535652,334.9929907,17.80129471,0.646891248,0.043126746,0.001793874
1,0.2,75,0,1,50084.95584,-42910.6744,15345.10702,-2963.824589,334.33417,-22.05167186,0.836438636,-0.003530897,-0.001879954
1,-0.2,75,0,1,57553.12601,42794.00164,12951.20476,2054.163091,184.0914199,9.665517999,0.386831308,0.038911646,0.001930463
1,0.2,100,0,1,50.72352587,2251.408621,-1734.789013,541.1548696,-87.49859922,7.863944137,-0.348148293,0.021294604,-0.002112031
1,-0.2,100,0,1,47438.82289,35640.5787,10938.5776,1767.619713,162.0751739,8.663576563,0.33832371,0.037009133,0.001924386
1,0.3,10,0,1,804.3773159,-807.4561845,344.1329379,-79.71227536,10.83826546,-0.866529918,0.037100053,-0.00030805,-0.000510018
1,-0.3,10,0,1,840.2808522,1145.219123,672.2636385,223.9547165,47.02514966,6.529184921,0.604801653,0.036086817,0.00055637
1,0.3,25,0,1,306.7021615,-308.106404,133.2189801,-30.99340135,4.327458043,-0.31852095,0.014939114,0.000844101,-0.00130353
1,-0.3,25,0,1,-7.364807791,37.91787073,56.55556898,33.0788876,10.90123203,2.35277553,0.366727893,0.04320154,0.001502189
1,0.3,50,0,1,5146.521592,-6314.822926,3197.846981,-861.4807401,132.9415445,-11.69616217,0.569442367,-0.008079996,-0.002108072
1,-0.3,50,0,1,3827.837156,4491.590635,2162.947473,552.0117473,80.90658893,7.122485151,0.463513109,0.045958668,0.002398586
1,0.3,75,0,1,715.9882818,-825.1009063,393.333504,-99.56264661,14.4917354,-1.167702458,0.069642868,0.006116811,-0.002629368
1,-0.3,75,0,1,2766.081142,3246.056616,1563.066667,398.7738746,58.38054595,5.126520886,0.341700495,0.04284606,0.002775553
1,0.3,100,0,1,-1825.694663,2417.426566,-1319.806851,383.9534169,-63.87588789,6.097436958,-0.290242594,0.016692042,-0.002942523
1,-0.3,100,0,1,2748.804307,3225.470381,1552.262384,395.2946563,57.5486765,4.95660379,0.311611139,0.041253714,0.002935548
1,0.4,10,0,1,155.2780104,-206.1093142,114.1697799,-34.01858789,5.885680767,-0.591189475,0.030793009,-0.000277604,-0.000518218
1,-0.4,10,0,1,174.118373,318.5524462,248.8396222,108.6269158,29.13574476,4.969729207,0.53635819,0.035146942,0.000566469
1,0.4,25,0,1,41.943087,-46.43359606,20.24566016,-3.932070095,0.291356535,0.025447382,-0.005227378,0.00091004,-0.001354874
1,-0.4,25,0,1,55.12962442,103.4078454,83.53557269,38.44904407,11.37509903,2.359711022,0.368333246,0.044241273,0.00161721
1,0.4,50,0,1,-73.87979216,132.7581611,-94.9938091,35.5070088,-7.414451986,0.899083334,-0.04967004,0.003884816,-0.002466688
1,-0.4,50,0,1,-30.12241199,-40.58640056,-18.72271736,-1.670522259,1.647864003,0.799733725,0.210542209,0.044191221,0.002852892
1,0.4,75,0,1,504.5694453,-819.7538936,549.1651185,-195.2858831,39.63657172,-4.548902804,0.290692074,-0.002745501,-0.003075631
1,-0.4,75,0,1,630.995148,988.8626078,634.8488488,215.3573836,41.68600943,4.753115418,0.376516364,0.046528709,0.003460579
1,0.4,100,0,1,136.9301293,-218.3264948,144.4740981,-50.9656193,10.33329316,-1.175343188,0.086324266,0.005185667,-0.003530225
1,-0.4,100,0,1,591.6812503,926.7227376,594.3512856,201.2177025,38.76855674,4.361103204,0.333795023,0.044564585,0.003775704
1,0.5,10,0,1,48.240082,-84.30724796,61.37806718,-23.99650643,5.414220275,-0.699965139,0.04663031,-0.000883438,-0.00052654
1,-0.5,10,0,1,45.25455799,102.7734584,99.23050198,53.2056129,17.35876606,3.54656632,0.447603627,0.033161415,0.00057761
1,0.5,25,0,1,23.44064612,-40.2912387,28.96655484,-11.02831175,2.396858375,-0.288453541,0.016638201,0.000170629,-0.001384929
1,-0.5,25,0,1,15.51608263,36.1748168,36.23930484,20.62726119,7.494450495,1.870600216,0.336075781,0.043843181,0.001691421
1,0.5,50,0,1,11.22503402,-18.78769204,13.07543868,-4.74339761,0.984228713,-0.09626379,0.007751614,0.001381675,-0.002623279
1,-0.5,50,0,1,-13.38071444,-24.24584208,-16.79663013,-4.986960945,-0.049520616,0.454198237,0.18000771,0.044539729,0.003203355
1,0.5,75,0,1,-20.16873619,42.38802523,-35.90151378,15.97594936,-4.000733818,0.585484303,-0.036905257,0.004858686,-0.003496996
1,-0.5,75,0,1,-8.211911926,-14.34758203,-9.373418795,-2.3994345,0.218643973,0.346360799,0.137551648,0.043012582,0.004042604
1,0.5,100,0,1,20.5822688,-39.46636907,31.36599188,-13.21761351,3.186130329,-0.41825358,0.039609006,0.004542987,-0.004051104
1,-0.5,100,0,1,20.21974119,41.29232617,34.95996297,16.00081293,4.402706046,0.823426633,0.148520998,0.042271043,0.004511461
1,0.6,10,0,1,14.4846462,-30.60206439,26.90356381,-12.71069758,3.474151421,-0.546824768,0.044935265,-0.001174016,-0.000535843
1,-0.6,10,0,1,14.8086602,39.90978695,45.62146032,28.8562591,11.04087337,2.619886388,0.378124089,0.031331604,0.00059127
1,0.6,25,0,1,6.029467573,-12.3142067,10.64291251,-4.936978547,1.32500201,-0.201601098,0.014918716,0.0000921,-0.001419856
1,-0.6,25,0,1,5.656064419,15.41353303,18.10841231,12.1270508,5.181468814,1.503376525,0.304791641,0.043043882,0.001748149
1,0.6,50,0,1,3.357904905,-6.890113313,5.966700588,-2.750443654,0.744767404,-0.106306525,0.009429126,0.000791182,-0.002730948
1,-0.6,50,0,1,4.477562438,11.33033133,12.16262848,7.341050654,2.847305915,0.811754584,0.199515481,0.04562385,0.003485411
1,0.6,75,0,1,1.592088219,-3.080240484,2.544955497,-1.124566055,0.302983761,-0.035252849,0.007276415,0.002368299,-0.003741318
1,-0.6,75,0,1,-1.792195678,-4.062827659,-3.473195654,-1.196072949,0.091390029,0.249137672,0.122501582,0.043292219,0.004540746
1,0.6,100,0,1,-20.39004045,48.81927656,-47.62215194,24.45532868,-7.092263427,1.172427372,-0.094013863,0.00798142,-0.004488323
1,-0.6,100,0,1,3.178602361,7.830470064,8.08883694,4.625605866,1.667313902,0.444773208,0.119519821,0.042369199,0.005170376
1,0.7,10,0,1,4.997655951,-12.48213135,13.00375353,-7.305034496,2.384635104,-0.451439371,0.045486113,-0.001657698,-0.000544481
1,-0.7,10,0,1,4.928441119,15.67128358,21.08358039,15.63724567,6.977139421,1.914807614,0.315713864,0.02938227,0.000608657
1,0.7,25,0,1,2.390913639,-5.851515024,6.06251137,-3.3776974,1.085866315,-0.198254301,0.018001588,-0.000170942,-0.001459918
1,-0.7,25,0,1,1.642231343,5.560345193,8.089518515,6.661593293,3.451150808,1.183439386,0.272709879,0.041901531,0.001796354
1,0.7,50,0,1,2.057657264,-5.21564932,5.540140204,-3.141402689,1.03462628,-0.189505322,0.018815155,0.000131808,-0.002820656
1,-0.7,50,0,1,2.404075913,7.356033089,9.45884588,6.696397087,2.917113949,0.865723987,0.206069837,0.046226096,0.003710455
1,0.7,75,0,1,1.251619667,-3.207469601,3.47872842,-2.029948393,0.695230118,-0.127827735,0.015800967,0.001352416,-0.003930443
1,-0.7,75,0,1,0.731532867,2.402875148,3.31735778,2.539705193,1.223203604,0.425645997,0.132859885,0.043816853,0.004958533
1,0.7,100,0,1,0.469238364,-1.119937753,1.181647173,-0.694295991,0.252351463,-0.044408368,0.00989485,0.003139895,-0.004763888
1,-0.7,100,0,1,-1.060686972,-3.015688567,-3.406539572,-1.884884537,-0.450785161,0.048034368,0.078883653,0.041166771,0.005735003
1,0.8,10,0,1,1.635215035,-4.63379754,5.484622486,-3.503398688,1.301273776,-0.280718286,0.032279399,-0.001315051,-0.000567113
1,-0.8,10,0,1,2.013485733,7.275285047,11.10759705,9.334087528,4.707840374,1.455031764,0.26855817,0.027757951,0.00063361
1,0.8,25,0,1,0.888178872,-2.485814118,2.941065417,-1.865569175,0.679029351,-0.139098702,0.014037843,-0.000202897,-0.00152377
1,-0.8,25,0,1,0.790115026,2.984477592,4.847098409,4.456310056,2.572497897,0.976508236,0.245925853,0.04062272,0.001850477
1,0.8,50,0,1,0.544266489,-1.486317709,1.694853208,-1.01956823,0.355389947,-0.066665283,0.006637702,0.000488895,-0.002941339
1,-0.8,50,0,1,0.361591856,1.351621573,2.158512547,1.952390578,1.139049997,0.478491988,0.159611639,0.04408459,0.003910526
1,0.8,75,0,1,0.84505078,-2.445634032,2.932940637,-1.866025545,0.685663573,-0.137329627,0.016638784,0.000929177,-0.004103653
1,-0.8,75,0,1,0.148766211,0.60413516,1.03797277,1.000451797,0.618923132,0.282673887,0.112534162,0.042881059,0.005345356
1,0.8,100,0,1,0.159406118,-0.41478916,0.47127509,-0.292535199,0.112771101,-0.018119195,0.005460804,0.002752012,-0.005019593
1,-0.8,100,0,1,-0.431997702,-1.387938549,-1.768564378,-1.101362178,-0.293739849,0.040112114,0.069641026,0.040323252,0.00622904
1,0.9,10,0,1,0.578373648,-1.807545098,2.355802963,-1.65432948,0.675687274,-0.160446065,0.020061585,-0.000823264,-0.000593155
1,-0.9,10,0,1,0.869401016,3.525936549,6.036450532,5.684546031,3.210902696,1.109950419,0.228589256,0.026277587,0.00066843
1,0.9,25,0,1,0.315607027,-0.98686814,1.300836238,-0.90712485,0.354063386,-0.07517178,0.008334329,-0.000374799,-0.001640359
1,-0.9,25,0,1,0.34648054,1.474134398,2.693747782,2.786260243,1.809292702,0.770111039,0.21547813,0.038962806,0.00191463
1,0.9,50,0,1,0.156941287,-0.400805865,0.37047534,-0.110747652,-0.02638016,0.026096015,-0.004166809,0.000766741,-0.003186366
1,-0.9,50,0,1,0.143827266,0.590663597,1.041439579,1.054272132,0.706264298,0.349734186,0.136737136,0.042359632,0.00406547
1,0.9,75,0,1,0.366339234,-1.17176137,1.540965141,-1.066908837,0.425661325,-0.093736338,0.013562275,0.000769903,-0.004405914
1,-0.9,75,0,1,0.138665608,0.509425822,0.800578599,0.720849533,0.435749432,0.210829586,0.095600906,0.041161731,0.00563153
1,0.9,100,0,1,0.051855281,-0.116870582,0.094025673,-0.020020725,-0.007746524,0.011013557,0.000796277,0.002870551,-0.005376896
1,-0.9,100,0,1,-0.234376192,-0.769540809,-1.000966472,-0.635413356,-0.166671146,0.039317106,0.060393482,0.038666889,0.006609144
1,1,10,0,1,0.257957889,-0.925505732,1.400365763,-1.150458743,0.548877679,-0.148972297,0.020547834,-0.001133302,-0.000632779
1,-1,10,0,1,0.423239325,1.888106032,3.555254645,3.684259107,2.291761341,0.872804535,0.198048232,0.025099566,0.000719546
1,1,25,0,1,0.076983806,-0.253663688,0.354896965,-0.254894163,0.095665602,-0.017252849,0.002568074,-0.00048747,-0.001775412
1,-1,25,0,1,0.185689757,0.855728677,1.692048071,1.895268548,1.335740869,0.618565909,0.188615461,0.037192708,0.002006538
1,1,50,0,1,0.163909574,-0.583893472,0.849673962,-0.639494348,0.272143147,-0.06656537,0.011492286,-0.000360602,-0.003449859
1,-1,50,0,1,0.335765992,1.34734163,2.24029608,2.025561424,1.124157842,0.43430189,0.139466944,0.041403844,0.004220862
1,1,75,0,1,0.173569423,-0.625733644,0.929229568,-0.729796296,0.334194104,-0.088333964,0.015823031,0.000463791,-0.004727562
1,-1,75,0,1,0.076292276,0.318274648,0.562133226,0.558502315,0.362481326,0.183336525,0.087040889,0.039957148,0.005891931
1,1,100,0,1,0.11722548,-0.446451486,0.719127228,-0.630432124,0.329855151,-0.098976454,0.019656691,0.001424165,-0.005725139
1,-1,100,0,1,-0.037170831,-0.112506326,-0.110253994,-0.005632592,0.076957415,0.085121777,0.061204161,0.037976422,0.006971572
1,1.1,10,0,1,0.061396211,-0.205218672,0.288417742,-0.225934914,0.110212117,-0.032719519,0.004512139,-0.0000376,-0.000684523
1,-1.1,10,0,1,0.202571327,1.004729529,2.102487956,2.420020148,1.669252452,0.702528629,0.175303886,0.024296398,0.000766975
1,1.1,25,0,1,-0.055734209,0.26428107,-0.49242419,0.484164525,-0.273904096,0.088817098,-0.013314089,0.000322293,-0.001934252
1,-1.1,25,0,1,0.1012997,0.525705924,1.167043162,1.460510289,1.138891938,0.573935588,0.186275789,0.03810252,0.002100821
1,1.1,50,0,1,0.043334245,-0.15781689,0.229183017,-0.158517562,0.054549808,-0.01015243,0.004491439,-0.000113079,-0.003832354
1,-1.1,50,0,1,0.050263041,0.252003342,0.539046186,0.657482597,0.523156604,0.298197034,0.128795528,0.042737556,0.004395476
1,1.1,75,0,1,0.073494004,-0.279147682,0.430343302,-0.341964657,0.156083126,-0.042110933,0.009780772,0.000789504,-0.005216667
1,-1.1,75,0,1,0.041165366,0.225504296,0.509755575,0.625974631,0.471098383,0.244651896,0.104909894,0.043388215,0.006253715
1,1.1,100,0,1,-0.00054683,0.050035278,-0.170089173,0.234970576,-0.157342372,0.054536236,-0.005206228,0.002897302,-0.006304055
1,-1.1,100,0,1,0.101691875,0.454007649,0.839653789,0.84111912,0.51199822,0.217492632,0.086576918,0.042285355,0.007562682
1,1.2,10,0,1,-0.039994904,0.239718819,-0.540563901,0.607694495,-0.368053153,0.120946211,-0.021483373,0.002144375,-0.000739771
1,-1.2,10,0,1,0.101468177,0.551233502,1.266137685,1.60374185,1.219427362,0.565923966,0.155556815,0.023669227,0.000841768
1,1.2,25,0,1,-0.075650925,0.354426656,-0.665695657,0.658950003,-0.376439257,0.127347525,-0.022816082,0.001331524,-0.001960201
1,-1.2,25,0,1,0.04287315,0.25814791,0.662243227,0.952842922,0.846727636,0.480492503,0.173279178,0.0387454,0.002361245
1,1.2,50,0,1,0.023240635,-0.110871806,0.219157689,-0.222285869,0.127257061,-0.043960498,0.012317956,-0.000801678,-0.004200992
1,-1.2,50,0,1,0.016883715,0.102646085,0.265486837,0.392060929,0.375125108,0.250174103,0.120864332,0.042985316,0.004678089
1,1.2,75,0,1,0.071810235,-0.326960694,0.613076856,-0.608287733,0.350750576,-0.120018504,0.026195169,-0.000341576,-0.005754303
1,-1.2,75,0,1,0.05096463,0.255927245,0.537219867,0.62172483,0.450451114,0.232548202,0.102528441,0.043888992,0.006567932
1,1.2,100,0,1,0.022634271,-0.077445911,0.093407207,-0.037188312,-0.005231485,0.006677252,0.002439319,0.00276557,-0.006902845
1,-1.2,100,0,1,0.039569484,0.195803057,0.403762738,0.457113115,0.323532909,0.166845556,0.080408096,0.042931365,0.007998962
1,1.3,10,0,1,-0.067149167,0.374939458,-0.834868038,0.958748251,-0.608532576,0.213212787,-0.03975738,0.003857775,-0.000846059
1,-1.3,10,0,1,0.059564659,0.349809676,0.867207865,1.184243293,0.969820568,0.484432008,0.143334739,0.023462172,0.000933472
1,1.3,25,0,1,-0.063881605,0.298988453,-0.557959544,0.544239435,-0.309099288,0.110966703,-0.024390295,0.002268037,-0.001916881
1,-1.3,25,0,1,0.024364525,0.154452736,0.418354423,0.639157665,0.608678531,0.375658925,0.150238621,0.037854183,0.002691349
1,1.3,50,0,1,0.043107866,-0.242866161,0.555597449,-0.658420841,0.436389835,-0.163333675,0.035673257,-0.002504557,-0.004406193
1,-1.3,50,0,1,0.012731836,0.076497817,0.196046996,0.28757647,0.276528585,0.191790283,0.101634331,0.041092281,0.00512322
1,1.3,75,0,1,0.061715827,-0.307074702,0.621401761,-0.657036462,0.39622874,-0.139396364,0.029925272,0.000144199,-0.006317913
1,-1.3,75,0,1,0.027495665,0.148232503,0.332502796,0.408562761,0.312122434,0.170929037,0.083521562,0.041124737,0.006911844
1,1.3,100,0,1,0.034119811,-0.157889423,0.294297097,-0.283992679,0.158640548,-0.053550563,0.012988462,0.002971527,-0.007519607
1,-1.3,100,0,1,0.023250572,0.123558323,0.272293673,0.326830486,0.242066469,0.129263171,0.066535757,0.039891958,0.008225106
1,1.4,10,0,1,-0.09064779,0.510238421,-1.164371472,1.390103696,-0.931221076,0.349128256,-0.069299113,0.006686188,-0.0010067
1,-1.4,10,0,1,0.030540872,0.198719758,0.542016948,0.810365733,0.724401287,0.394834763,0.127849804,0.023000853,0.00107082
1,1.4,25,0,1,-0.022670071,0.099839377,-0.166209732,0.136548922,-0.067031199,0.028904241,-0.009439629,0.001348291,-0.002025422
1,-1.4,25,0,1,0.005172199,0.04221551,0.138714566,0.248774225,0.273433638,0.195149892,0.092875271,0.029698277,0.002934188
1,1.4,50,0,1,0.011642215,-0.073335906,0.180893164,-0.221383255,0.145216272,-0.052313017,0.013039282,-0.000419904,-0.004184004
1,-1.4,50,0,1,0.011141388,0.070384587,0.185906673,0.271983512,0.248793091,0.156523732,0.076137017,0.032952431,0.005255621
1,1.4,75,0,1,0.022928928,-0.126607207,0.283195559,-0.329165931,0.217559388,-0.083976072,0.020368692,0.000867302,-0.005873175
1,-1.4,75,0,1,-0.002354102,-0.003283647,0.020198508,0.071305737,0.104456358,0.091793744,0.058528001,0.033319021,0.006674203
1,1.4,100,0,1,0.007851244,-0.036426046,0.064179722,-0.051956165,0.021903561,-0.006805995,0.004160165,0.003846252,-0.007226659
1,-1.4,100,0,1,0.013260262,0.078552361,0.193236695,0.259306263,0.213554084,0.121404988,0.0591231,0.033662064,0.007604027
1,1.5,10,0,1,-0.03974503,0.230966728,-0.542840709,0.667982346,-0.463588886,0.182430253,-0.038961505,0.00451705,-0.001086713
1,-1.5,10,0,1,0.012634237,0.087279129,0.252089855,0.400418533,0.384057548,0.22903643,0.084106268,0.018334192,0.001191452
1,1.5,25,0,1,-0.013992971,0.067688475,-0.128399914,0.128348179,-0.079894752,0.035435424,-0.009108588,0.001500747,-0.002210433
1,-1.5,25,0,1,-0.003797996,-0.011122265,0.007729921,0.074628618,0.135000842,0.126010315,0.070848297,0.025730088,0.002991373
1,1.5,50,0,1,-0.001612936,0.000747653,0.014604959,-0.028688761,0.020572177,-0.007382162,0.004088598,0.001083668,-0.00420587
1,-1.5,50,0,1,0.001979967,0.020818144,0.076611449,0.145125468,0.165476346,0.12522573,0.068460827,0.030579838,0.005126014
1,1.5,75,0,1,0.014902475,-0.096315431,0.248364285,-0.3261526,0.234955235,-0.093297387,0.021074532,0.001201636,-0.005577613
1,-1.5,75,0,1,-0.003782757,-0.012649452,-0.003138894,0.043503133,0.089654349,0.091329512,0.060664019,0.032746872,0.00649875
1,1.5,100,0,1,0.007029008,-0.046819913,0.122907325,-0.162917794,0.120462046,-0.051681846,0.014174739,0.002742385,-0.006710137
1,-1.5,100,0,1,0.004647024,0.033753256,0.098634203,0.154926002,0.149712994,0.101106275,0.056581616,0.0328472,0.007429536
5,0.1,10,0,1,-3469700.858,1586318.453,-296781.0478,29759.24493,-1731.700828,59.59049606,-1.15093874,0.012223006,-0.000462076
5,-0.1,10,0,1,-181364.5301,127321.4299,57061.72639,8886.898342,739.6493394,38.9504656,1.500127557,0.04609085,0.000437246
5,0.1,25,0,1,-17967555.32,8087419.794,-1521331.218,155199.5031,-9298.263679,331.5833982,-6.692227814,0.075817852,-0.001209991
5,-0.1,25,0,1,4114139.593,1545899.2,240251.4059,20161.22302,1018.458581,35.03894683,1.149741197,0.053842169,0.000950641
5,0.1,50,0,1,-11511898.45,5371488.871,-1056805.331,114031.9965,-7332.229463,285.7627245,-6.410105792,0.089288708,-0.001606545
5,-0.1,50,0,1,10161994.65,3821231.626,590141.7379,48268.99268,2255.895207,62.08902584,1.243173604,0.053615386,0.001240711
5,0.1,75,0,1,-3833836.304,1694433.131,-310623.9145,30557.89489,-1736.442939,57.4896447,-0.958800122,0.025985813,-0.001402287
5,-0.1,75,0,1,10871073.38,4180443.192,660786.4644,55249.13719,2620.656364,71.09207959,1.246935722,0.051444506,0.001283902
5,0.1,100,0,1,-4285372.332,1912461.035,-355080.7338,35533.04958,-2070.890122,71.25428904,-1.305668002,0.033994307,-0.001461678
5,-0.1,100,0,1,2512691.991,1178132.582,218782.5668,20860.63458,1101.944875,33.05991647,0.714939025,0.047846774,0.001260678
5,0.2,10,0,1,25632.53319,-18587.82763,5715.085692,-954.613487,93.29308337,-5.348786388,0.170881622,-0.002299398,-0.000421431
5,-0.2,10,0,1,31998.94877,27108.64865,9788.716621,1981.533068,249.9114905,20.76524821,1.171637808,0.044474857,0.000462486
5,0.2,25,0,1,-10667.5672,9430.999529,-3294.18001,604.9447322,-62.73787677,3.841139224,-0.122145546,0.003470787,-0.00116675
5,-0.2,25,0,1,-41774.68736,-32015.47496,-9881.453604,-1539.357332,-117.3841133,-1.596630047,0.50242105,0.053669591,0.00126789
5,0.2,50,0,1,31875.30319,-25781.79215,8625.011182,-1531.909002,155.9750319,-8.956924265,0.310005786,0.001092973,-0.001933626
5,-0.2,50,0,1,16291.55819,11749.48555,3489.641521,567.8081068,59.87384814,5.227771653,0.509954532,0.057403364,0.002063922
5,0.2,75,0,1,-725.8465611,1113.365685,-532.2615576,124.6444829,-15.26431005,1.138173732,-0.002861344,0.01011931,-0.002388444
5,-0.2,75,0,1,-2387.826338,-3164.805731,-1437.928685,-304.4766529,-30.22756092,-0.481388035,0.263993025,0.054007742,0.002436037
5,0.2,100,0,1,122819.6396,-107912.0666,39584.46066,-7840.082579,905.2142389,-60.9842902,2.309266534,-0.027145839,-0.00241815
5,-0.2,100,0,1,10365.74196,7116.936107,1966.746355,288.0083614,26.58803469,2.219188387,0.279925523,0.052667411,0.002611613
5,0.3,10,0,1,1953.648743,-2041.919341,893.1188244,-210.9458534,29.00757829,-2.330820645,0.102941193,-0.001809247,-0.000428986
5,-0.3,10,0,1,1664.528173,2266.466455,1318.678208,428.9557397,85.68422598,10.85075553,0.86284319,0.041000552,0.000472398
5,0.3,25,0,1,1393.216414,-1529.827684,708.5339118,-176.0902089,25.36727103,-2.099179373,0.09431694,-0.001199046,-0.00119319
5,-0.3,25,0,1,1294.144469,1681.246497,929.6434188,288.6982628,56.57504109,7.605476803,0.757452315,0.058066946,0.001388024
5,0.3,50,0,1,302.234784,-300.3835454,130.8105875,-31.08936885,4.574137989,-0.339329087,0.02317167,0.002148804,-0.002268971
5,-0.3,50,0,1,447.5440853,588.8064412,334.1424592,108.8244022,23.22093636,3.658940344,0.490341558,0.061418601,0.002571074
5,0.3,75,0,1,6413.295595,-7910.077533,4029.366225,-1092.237533,169.6425206,-15.01064147,0.735095979,-0.010502937,-0.002896956
5,-0.3,75,0,1,5728.204497,6675.918898,3188.438875,805.8345577,116.880193,10.21668547,0.665646938,0.064371569,0.003257511
5,0.3,100,0,1,-232.3747221,435.2689911,-300.866831,105.5004793,-20.32398065,2.241159371,-0.101758578,0.011137233,-0.003508804
5,-0.3,100,0,1,7526.084126,8751.999719,4162.605719,1043.242199,148.4478904,12.31794088,0.698493823,0.064160841,0.003672512
5,0.4,10,0,1,292.3486354,-398.566911,224.1859661,-67.26046271,11.63986331,-1.172706065,0.064781654,-0.001332259,-0.000438853
5,-0.4,10,0,1,338.859171,597.1485563,446.5491516,184.9988483,46.46811167,7.26417922,0.693816823,0.038144411,0.000482427
5,0.4,25,0,1,90.86567391,-97.84255845,40.76988954,-7.452906341,0.381582636,0.061423097,-0.010091893,0.001077276,-0.001235077
5,-0.4,25,0,1,366.9415426,622.4501062,445.8934798,176.893178,43.1234528,6.867698592,0.752988684,0.05948168,0.001457397
5,0.4,50,0,1,-30.95406787,77.50714215,-65.53922169,27.51185879,-6.233452987,0.807333818,-0.052509954,0.003007098,-0.00242618
5,-0.4,50,0,1,-107.7858815,-162.8552662,-94.28692616,-23.5642827,-0.457474446,1.260726192,0.373002726,0.061766713,0.002930645
5,0.4,75,0,1,-229.6426109,389.4033753,-267.631908,96.91522112,-19.80160316,2.328981378,-0.136155731,0.006923837,-0.003385693
5,-0.4,75,0,1,164.792209,260.9499164,172.883181,63.23630661,14.53604296,2.431462378,0.374272166,0.063623088,0.003914053
5,0.4,100,0,1,31.46102552,-39.84065956,21.54054724,-6.183211461,1.084001351,-0.066606601,0.015225603,0.005109395,-0.004075219
5,-0.4,100,0,1,901.9776817,1410.675119,903.6718103,305.9464012,59.22712683,6.824013853,0.561182571,0.067215509,0.004560744
5,0.5,10,0,1,78.40346453,-140.364563,104.1606328,-41.41047435,9.510316092,-1.264056523,0.090690235,-0.002588262,-0.000436326
5,-0.5,10,0,1,102.3627447,219.3737142,197.9027535,97.93184671,29.03513049,5.283981482,0.578058032,0.035718074,0.000494015
5,0.5,25,0,1,89.46583777,-166.5499768,130.0152802,-54.58266027,13.20544095,-1.827648731,0.133051095,-0.003593828,-0.001221996
5,-0.5,25,0,1,41.6440027,95.33270159,93.48652604,51.59844523,17.74156603,3.976488369,0.586903629,0.056434835,0.001501386
5,0.5,50,0,1,56.57296883,-103.9923191,79.71704477,-32.56195918,7.661186512,-1.022722995,0.072088705,-0.001183662,-0.002471434
5,-0.5,50,0,1,9.290310335,24.12946297,27.15649151,17.46986649,7.183672515,2.026330045,0.413668878,0.064268512,0.003184368
5,0.5,75,0,1,30.46145788,-56.50297211,44.1512482,-18.53029739,4.551562121,-0.624929804,0.049256794,0.000373267,-0.003557737
5,-0.5,75,0,1,-32.6710209,-60.87518154,-44.48090922,-15.25179604,-1.712809941,0.527576812,0.263937523,0.063685248,0.004444439
5,0.5,100,0,1,-81.93536938,166.0136887,-136.7116283,59.2540529,-14.48863878,2.029278917,-0.142301826,0.008086324,-0.004501041
5,-0.5,100,0,1,-40.96631719,-77.29655725,-58.56743138,-22.22800903,-3.955066695,0.034887883,0.193961398,0.062659715,0.005346013
5,0.6,10,0,1,9.619097997,-17.13283337,11.77739734,-3.859779152,0.586227021,-0.027896972,-0.001752112,0.000461918,-0.00046671
5,-0.6,10,0,1,14.77164986,40.81428104,47.81068026,30.89661316,11.98798058,2.841796369,0.39853052,0.03071253,0.000501936
5,0.6,25,0,1,18.0513,-37.25271103,32.12877591,-14.90932494,4.00644858,-0.622224055,0.051056953,-0.001234598,-0.001258908
5,-0.6,25,0,1,16.5074657,44.09696077,50.33384004,32.20479905,12.74504829,3.24631455,0.532969605,0.055309335,0.00153662
5,0.6,50,0,1,10.57122885,-21.9076758,19.09167214,-8.893424281,2.400131952,-0.370611501,0.029667957,-0.000152456,-0.002529952
5,-0.6,50,0,1,9.31729825,24.67555068,27.92744771,17.86101881,7.260209695,2.030708887,0.415743001,0.065492489,0.003365471
5,0.6,75,0,1,3.47298028,-6.259297424,4.678977811,-1.765644635,0.382341633,-0.035705656,0.001868696,0.001388893,-0.003694795
5,-0.6,75,0,1,11.13460455,28.09707994,29.8281146,17.54258669,6.440842789,1.649089155,0.343412082,0.067610054,0.004871866
5,0.6,100,0,1,7.605067164,-17.0724571,16.15481966,-8.205796024,2.438276959,-0.399886233,0.038790744,0.000868748,-0.00470809
5,-0.6,100,0,1,-17.02312773,-42.3766558,-42.66077161,-21.96417787,-5.832395227,-0.534433351,0.132233485,0.062638223,0.00601073
5,0.7,10,0,1,8.120536811,-21.1489556,22.84914868,-13.22066907,4.406044528,-0.842991569,0.085567101,-0.00342137,-0.000443272
5,-0.7,10,0,1,7.969709636,24.39463065,31.39915709,22.11222244,9.279666645,2.365690528,0.355740382,0.029436314,0.000520724
5,0.7,25,0,1,7.423000131,-18.00717294,18.12229023,-9.736225246,2.99588165,-0.524003488,0.04710249,-0.001121142,-0.001289635
5,-0.7,25,0,1,5.539946127,17.53394905,23.71846293,17.96001899,8.370363007,2.481917226,0.464120848,0.053164645,0.001571895
5,0.7,50,0,1,1.401740137,-2.710097627,2.252052575,-1.013705616,0.272110741,-0.040081498,0.001386897,0.000968419,-0.002585875
5,-0.7,50,0,1,8.516010599,25.19565974,31.20890538,21.17865182,8.740220311,2.355096108,0.44939981,0.067348829,0.003511693
5,0.7,75,0,1,2.675021812,-6.575010799,6.803994225,-3.737928324,1.183910144,-0.206784306,0.018183283,0.00054115,-0.003772212
5,-0.7,75,0,1,7.136699972,20.56291587,24.72841778,16.24027769,6.489553346,1.731519767,0.357980209,0.069613203,0.005251804
5,0.7,100,0,1,6.470120407,-17.50725319,19.6066977,-11.61855541,3.923579943,-0.736455211,0.073937524,-0.001426886,-0.004839036
5,-0.7,100,0,1,-3.302001039,-8.113020654,-7.666578623,-3.236024277,-0.264078684,0.356370519,0.200155923,0.065822565,0.006593777
5,0.8,10,0,1,2.217414634,-6.263394586,7.291856954,-4.522429066,1.610423766,-0.32894285,0.035440678,-0.001306005,-0.000475399
5,-0.8,10,0,1,3.08975584,10.70736418,15.59260186,12.42167768,5.897606964,1.700572718,0.288874341,0.027018462,0.000541753
5,0.8,25,0,1,2.519333259,-6.744897731,7.434980946,-4.342728601,1.444753349,-0.273858066,0.027193964,-0.000641779,-0.001315568
5,-0.8,25,0,1,3.008150276,10.73326238,16.22619706,13.58991826,6.922696196,2.213602947,0.439770348,0.052696853,0.001618262
5,0.8,50,0,1,1.27322535,-3.555724864,4.294787196,-2.850846936,1.115008822,-0.252532972,0.02906388,-0.000481802,-0.002627686
5,-0.8,50,0,1,2.110412259,7.398527272,10.95801931,9.018492073,4.604011472,1.561953146,0.370719131,0.064705899,0.003630434
5,0.8,75,0,1,1.35716102,-3.803552932,4.467320209,-2.792716518,1.012301327,-0.210405313,0.02334251,-0.000158689,-0.003836941
5,-0.8,75,0,1,0.472933522,2.079814469,3.747203535,3.680413117,2.232700628,0.918516426,0.278098583,0.067409323,0.005548483
5,0.8,100,0,1,3.102008096,-9.467410092,11.91963318,-7.917342495,2.986395325,-0.627413209,0.069111071,-0.001703415,-0.004988224
5,-0.8,100,0,1,1.941284398,6.347504301,8.659739878,6.474280114,2.988241641,0.959690996,0.256702346,0.068904833,0.007077173
5,0.9,10,0,1,0.862649886,-2.772748084,3.682616299,-2.606143268,1.056074776,-0.24466353,0.030137522,-0.001391867,-0.000476657
5,-0.9,10,0,1,0.619492611,2.629578674,4.731797739,4.694844468,2.788145779,1.003779827,0.210835515,0.024028518,0.000584785
5,0.9,25,0,1,0.673051504,-1.858296014,2.067412465,-1.174483869,0.355269945,-0.052528363,0.001627035,0.000717535,-0.001367907
5,-0.9,25,0,1,0.951348158,4.046539336,7.293279524,7.267435573,4.378426388,1.636584182,0.373156241,0.050171398,0.001697898
5,0.9,50,0,1,0.551090443,-1.68213123,2.18101026,-1.52472287,0.617887508,-0.143707201,0.016774762,-0.000138172,-0.002689607
5,-0.9,50,0,1,0.618475542,2.462377222,4.209897168,4.095848499,2.541198849,1.066255005,0.308143796,0.062040496,0.003784081
5,0.9,75,0,1,0.298964313,-0.797227244,0.855503967,-0.443545973,0.115858367,-0.010934907,-0.001473957,0.001165355,-0.003959696
5,-0.9,75,0,1,0.125390245,0.677258082,1.497695591,1.815374113,1.365437585,0.689506043,0.246089545,0.066130472,0.005798877
5,0.9,100,0,1,0.462831305,-1.435064162,1.836859024,-1.219137102,0.454519538,-0.08752632,0.007083277,0.00131175,-0.005168189
5,-0.9,100,0,1,0.412197687,1.614064604,2.666429783,2.459032608,1.445198745,0.613577495,0.213722173,0.067343682,0.007502097
5,1,10,0,1,0.395995952,-1.387566464,1.997594127,-1.518036041,0.650007632,-0.154210776,0.017923809,-0.000466879,-0.00051794
5,-1,10,0,1,0.821107008,3.457329506,6.100604629,5.874536801,3.361134554,1.162137503,0.234818634,0.025874333,0.000655047
5,1,25,0,1,0.453167725,-1.546396208,2.210936528,-1.715966978,0.780440756,-0.20555107,0.027686764,-0.001188765,-0.001401551
5,-1,25,0,1,0.427236493,2.039130533,4.116419397,4.588734617,3.088608695,1.286781079,0.325726878,0.048337002,0.001822138
5,1,50,0,1,0.31124516,-1.103013776,1.668807891,-1.370590589,0.650622659,-0.172478086,0.022033977,-0.000724128,-0.002790466
5,-1,50,0,1,0.144694324,0.77531378,1.745960424,2.18611477,1.693203214,0.850838644,0.280156235,0.061307112,0.003987099
5,1,75,0,1,0.106218344,-0.287493252,0.305381456,-0.13938965,0.014337028,0.014437006,-0.006232731,0.001237534,-0.004111077
5,-1,75,0,1,0.422226253,1.767096836,3.105723274,3.025642523,1.847751811,0.781620899,0.251520879,0.066550697,0.006108328
5,1,100,0,1,0.165038192,-0.528133957,0.689961813,-0.453001089,0.158307176,-0.02192587,-0.000388641,0.001124475,-0.005359215
5,-1,100,0,1,0.373756928,1.5585228,2.719858237,2.613984393,1.561352038,0.648672373,0.216970091,0.067929697,0.007936473
5,1.1,10,0,1,0.562604663,-2.392951714,4.2031714,-3.924997211,2.088524596,-0.62800637,0.09781979,-0.005978773,-0.000493081
5,-1.1,10,0,1,0.26286688,1.255263208,2.518184173,2.766074413,1.813535469,0.724217276,0.171471822,0.022729651,0.00073156
5,1.1,25,0,1,0.226597576,-0.874605658,1.421641677,-1.251938435,0.635862763,-0.179896338,0.024559144,-0.001201596,-0.001483529
5,-1.1,25,0,1,-0.00199657,0.205303842,0.907101903,1.626798852,1.546890959,0.842113049,0.263175339,0.046028328,0.002022119
5,1.1,50,0,1,0.115501451,-0.466684312,0.827628055,-0.802870099,0.441494797,-0.128349705,0.017080571,-0.00100323,-0.002940368
5,-1.1,50,0,1,0.189173795,0.903603992,1.853840071,2.165489843,1.609293993,0.800669975,0.269061774,0.061419548,0.004294084
5,1.1,75,0,1,-0.015214304,0.126329086,-0.305238428,0.366678331,-0.248693833,0.099879178,-0.020467278,0.001546393,-0.00433117
5,-1.1,75,0,1,0.071638294,0.395131426,0.916329577,1.189338622,0.977428481,0.548821053,0.219667034,0.065828212,0.00651796
5,1.1,100,0,1,0.39694287,-1.720152234,3.077112187,-2.897128516,1.530435809,-0.441642324,0.064872297,-0.003580451,-0.005607115
5,-1.1,100,0,1,-0.085455308,-0.334938874,-0.489073146,-0.265716215,0.094681265,0.228794482,0.155968591,0.065599752,0.00843391
5,1.2,10,0,1,0.085993122,-0.337151763,0.536474805,-0.448136866,0.21546227,-0.062058071,0.009846355,-0.000307703,-0.000578752
5,-1.2,10,0,1,0.00557495,0.113894494,0.451706753,0.802598755,0.768588128,0.419121785,0.128590995,0.02109227,0.000837434
5,1.2,25,0,1,0.160338826,-0.70838312,1.313952789,-1.314992425,0.757820263,-0.245186382,0.039126115,-0.002180277,-0.001512729
5,-1.2,25,0,1,0.194857173,1.034053467,2.321327379,2.880836783,2.163613549,1.010445392,0.28918622,0.049132395,0.002374525
5,1.2,50,0,1,0.165981541,-0.767075094,1.47818676,-1.506010009,0.854106667,-0.258241313,0.037392148,-0.002546621,-0.003149287
5,-1.2,50,0,1,0.01551948,0.143529383,0.480926646,0.837797021,0.864548224,0.557728013,0.227647596,0.059809528,0.00477535
5,1.2,75,0,1,0.073643991,-0.332994942,0.627701989,-0.608636574,0.309929339,-0.071794037,0.006085103,-0.000581197,-0.004638238
5,-1.2,75,0,1,-0.016036886,-0.038801071,0.039020894,0.253318963,0.40853259,0.350484316,0.182875935,0.063928125,0.007044943
5,1.2,100,0,1,0.017627869,-0.053019786,0.046739898,0.03291479,-0.090448718,0.067413963,-0.017401968,0.001247686,-0.006043568
5,-1.2,100,0,1,-0.033462935,-0.132751089,-0.177081517,-0.027169119,0.181911382,0.235528154,0.151580812,0.065501989,0.009021854
5,1.3,10,0,1,0.080774109,-0.374617029,0.71594577,-0.72681631,0.42199701,-0.139481104,0.023229,-0.000831431,-0.000679575
5,-1.3,10,0,1,0.035681648,0.248295037,0.696797124,1.037215577,0.896022482,0.45979006,0.136751821,0.022196628,0.000926751
5,1.3,25,0,1,0.034534904,-0.157904234,0.320808471,-0.371369617,0.255743071,-0.096866817,0.016263392,-0.000800019,-0.001608399
5,-1.3,25,0,1,0.030445239,0.215808221,0.635842652,1.021138614,0.978908245,0.57686075,0.20710568,0.044544495,0.002941666
5,1.3,50,0,1,0.000940747,0.008010695,-0.038190706,0.081027679,-0.098729629,0.066772249,-0.019142274,0.000883171,-0.003403409
5,-1.3,50,0,1,0.009418748,0.083100815,0.28378131,0.516886325,0.565647431,0.392916734,0.177393523,0.054250003,0.005522772
5,1.3,75,0,1,-0.020118864,0.129889986,-0.336450969,0.473361567,-0.388548176,0.181565332,-0.038586329,0.001924712,-0.005066531
5,-1.3,75,0,1,0.03320692,0.191303675,0.468824262,0.650850676,0.579124692,0.357246931,0.161647079,0.058184604,0.00759973
5,1.3,100,0,1,-0.009302944,0.071796287,-0.206084481,0.310986828,-0.263470186,0.121853421,-0.021772855,0.000602247,-0.006554546
5,-1.3,100,0,1,0.002389654,0.031940677,0.12905068,0.261647595,0.316031861,0.248260206,0.135875573,0.059420148,0.009349201
5,1.4,10,0,1,0.056100005,-0.273662463,0.544035498,-0.566823484,0.332880322,-0.109538314,0.017393982,-0.000109717,-0.000794314
5,-1.4,10,0,1,0.023850199,0.164614371,0.465979836,0.708848348,0.634290565,0.343178382,0.110571191,0.020301038,0.001078889
5,1.4,25,0,1,0.007331506,-0.042586706,0.118674534,-0.182328282,0.152021955,-0.061235764,0.008913906,-0.000307048,-0.001722744
5,-1.4,25,0,1,-0.000260591,0.030108729,0.164920116,0.368761487,0.442617218,0.312746123,0.13436637,0.036395774,0.003442285
5,1.4,50,0,1,-0.01703914,0.09576126,-0.21811308,0.272701462,-0.208143835,0.097350322,-0.021509547,0.000714991,-0.003616566
5,-1.4,50,0,1,-0.007940759,-0.021785868,0.019661797,0.151069381,0.25624895,0.22562095,0.120169178,0.044048505,0.005901784
5,1.4,75,0,1,-0.028057258,0.168555056,-0.417800533,0.561036905,-0.436893426,0.191937408,-0.037483082,0.001908376,-0.005369279
5,-1.4,75,0,1,0.028145039,0.168199155,0.420825488,0.581833387,0.499833112,0.291024646,0.126511228,0.048166773,0.00762587
5,1.4,100,0,1,0.014012586,-0.070303948,0.138681254,-0.12664877,0.049571564,-0.005069727,0.005548914,-0.001210266,-0.006791702
5,-1.4,100,0,1,0.0282739,0.16396548,0.395964518,0.525373997,0.433180749,0.247362977,0.112118286,0.049079198,0.008967183
5,1.5,10,0,1,-0.020480233,0.142541857,-0.388951832,0.541496441,-0.413356319,0.172924015,-0.038251623,0.004476867,-0.000937312
5,-1.5,10,0,1,0.022929698,0.151363786,0.415224803,0.61907518,0.549973087,0.300796237,0.100732561,0.020049299,0.001309402
5,1.5,25,0,1,0.001823294,-0.022225018,0.095789795,-0.187314431,0.181632759,-0.083741159,0.015564378,-0.000886234,-0.00188614
5,-1.5,25,0,1,0.004777949,0.046176312,0.168483095,0.321010722,0.359741718,0.250856562,0.112011924,0.033581835,0.003852428
5,1.5,50,0,1,-0.019550046,0.112001014,-0.262367171,0.334798234,-0.256988486,0.118749204,-0.025798052,0.001099668,-0.003870738
5,-1.5,50,0,1,-0.001945229,-0.000246957,0.035249706,0.115333908,0.176530417,0.159180169,0.092922315,0.03932534,0.006309187
5,1.5,75,0,1,-0.020553806,0.121933714,-0.299799569,0.402867062,-0.318659995,0.143702478,-0.027612252,0.001521341,-0.005706807
5,-1.5,75,0,1,0.006507258,0.04700603,0.1388881,0.225432687,0.23024826,0.164252119,0.089675655,0.042199747,0.00785737
5,1.5,100,0,1,0.00313108,-0.014937716,0.021579666,0.006759259,-0.041302235,0.032164675,-0.00282761,0.000152677,-0.007194159
5,-1.5,100,0,1,0.008184011,0.053185718,0.141639525,0.206346634,0.191046756,0.130978134,0.076676172,0.042667256,0.00905851
10,0.1,10,0,1,-2654645.918,1229393.567,-234746.3036,24101.23844,-1437.309081,50.77019608,-0.993825187,0.011470375,-0.000479926
10,-0.1,10,0,1,2193426.195,926180.9766,162115.408,15339.05061,870.449415,32.87151655,1.051691491,0.036445363,0.000442868
10,0.1,25,0,1,137964.4268,-154082.8165,51413.68104,-8103.82763,700.445123,-33.94051322,0.964285189,-0.005411458,-0.000743635
10,-0.1,25,0,1,-1659292.942,-543692.2481,-69853.19081,-4261.806844,-97.08010441,3.220161999,0.429496118,0.035910134,0.000804953
10,0.1,50,0,1,-1954787.541,839394.4121,-147333.0314,13539.78108,-684.4433069,18.0369993,-0.112477229,0.010481483,-0.00093081
10,-0.1,50,0,1,5704176.16,2216362.226,354390.4381,30035.77447,1449.778477,40.37543896,0.752381036,0.034966934,0.000904554
10,0.1,75,0,1,-2445501.565,1091972.632,-202585.6845,20224.14093,-1173.501327,40.1027736,-0.72088602,0.022601856,-0.000999382
10,-0.1,75,0,1,5138789.668,2019009.059,325406.4054,27661.41312,1328.631553,36.26959136,0.635052732,0.032729581,0.000854573
10,0.1,100,0,1,-2097745.907,941815.6105,-175444.328,17550.43819,-1017.551557,34.58979639,-0.613230506,0.023353129,-0.000957744
10,-0.1,100,0,1,2918864.757,1228906.21,210210.0986,18782.57597,939.6053941,26.54873732,0.487550161,0.031124338,0.000778819
10,0.2,10,0,1,15445.15474,-11830.15895,3856.113471,-680.8379405,70.27253871,-4.231670574,0.14249171,-0.002003274,-0.000457799
10,-0.2,10,0,1,20132.13861,16725.63195,5894.840472,1162.603265,144.2385709,12.26143933,0.771003631,0.036225339,0.000492468
10,0.2,25,0,1,34746.5398,-28914.75438,10003.67412,-1852.839072,198.5662452,-12.24029336,0.430396581,-0.004773886,-0.001088811
10,-0.2,25,0,1,-29826.54292,-23276.95083,-7390.928534,-1212.76949,-105.1080018,-3.531551136,0.212465025,0.038510348,0.001200677
10,0.2,50,0,1,-81213.423,70807.49831,-25635.32966,4985.148683,-560.9522707,36.71610924,-1.289314394,0.029129135,-0.001791669
10,-0.2,50,0,1,-36993.75517,-29264.67009,-9480.854754,-1610.146813,-150.9014751,-7.092429798,-0.000873983,0.035704586,0.001719778
10,0.2,75,0,1,57033.08935,-49890.05768,18220.12843,-3592.842624,413.1284023,-27.71626304,1.056764238,-0.00802242,-0.001786462
10,-0.2,75,0,1,46096.46015,35993.16043,11571.71154,1975.817178,192.8448384,10.95387535,0.430224349,0.037999813,0.001870178
10,0.2,100,0,1,45830.30629,-39955.61286,14526.33683,-2847.217997,324.7227244,-21.54141236,0.814664597,-0.001150143,-0.001914393
10,-0.2,100,0,1,43491.78412,33061.65713,10278.45446,1682.987809,156.0482472,8.363456735,0.322105373,0.035587211,0.001889251
10,0.3,10,0,1,970.2137733,-1006.980979,442.2534671,-105.2463253,14.6255309,-1.190918701,0.053639639,-0.000923713,-0.000473693
10,-0.3,10,0,1,773.3863302,1076.222189,646.2251947,220.246366,47.1440741,6.604911819,0.605609425,0.034811135,0.000506734
10,0.3,25,0,1,530.7883045,-590.7845533,278.9640061,-70.68480801,10.48352949,-0.86900795,0.042231609,-1.03192E-05,-0.001235835
10,-0.3,25,0,1,527.8244911,671.2341859,363.320301,111.2450234,22.11695945,3.258363078,0.404515307,0.042722952,0.001385907
10,0.3,50,0,1,4108.283489,-5065.86802,2579.117576,-698.5703865,108.3960151,-9.578546363,0.471016858,-0.006354281,-0.00204424
10,-0.3,50,0,1,-668.3789739,-789.8364818,-377.4882981,-91.64653548,-10.97419621,-0.180701496,0.168496922,0.040665583,0.002292506
10,0.3,75,0,1,504.558198,-576.5914377,271.0794202,-66.98994436,9.419970962,-0.709223405,0.047610118,0.00620957,-0.002553774
10,-0.3,75,0,1,-1560.662354,-1853.890965,-900.8176735,-228.959965,-31.87062748,-2.121907624,0.042451193,0.037215075,0.002688513
10,0.3,100,0,1,-580.2640056,771.992776,-419.5446995,120.4759843,-19.51063241,1.806701959,-0.06725969,0.01109545,-0.002824117
10,-0.3,100,0,1,1021.302065,1242.804464,624.6495811,167.656872,26.08844306,2.49423233,0.204924188,0.038206346,0.002859516
10,0.4,10,0,1,143.1284977,-187.2434807,102.125285,-30.02388711,5.176298684,-0.533173794,0.03094178,-0.000636408,-0.000483593
10,-0.4,10,0,1,198.4465029,354.8162263,271.0769398,115.9051698,30.49521662,5.102106516,0.537580292,0.033943822,0.000520405
10,0.4,25,0,1,21.97901019,-14.96006732,-0.321494307,3.272200232,-1.168605086,0.194558454,-0.015264243,0.001003547,-0.001293159
10,-0.4,25,0,1,119.7516399,201.2995516,143.9536673,58.05263262,14.99705588,2.751941449,0.391770225,0.043819909,0.001493295
10,0.4,50,0,1,-356.6264784,580.8801681,-386.3707374,135.8162041,-27.09348461,3.099351369,-0.181293314,0.007126489,-0.002407559
10,-0.4,50,0,1,-136.7237058,-219.0152251,-142.1768831,-47.15803005,-7.912617263,-0.329423327,0.144012882,0.042288047,0.002730228
10,0.4,75,0,1,287.1127202,-465.0581764,310.973133,-110.3771269,22.36977045,-2.549568054,0.167381525,0.000301634,-0.003021597
10,-0.4,75,0,1,-3.292873695,-9.552300185,-8.272029058,-2.736278142,0.005747666,0.30675384,0.134033528,0.041018161,0.003369814
10,0.4,100,0,1,-73.09135148,126.4476126,-88.95629371,33.08461262,-6.960159228,0.851751379,-0.03993331,0.008370595,-0.00348112
10,-0.4,100,0,1,-79.77851915,-134.391321,-92.37917173,-32.95703225,-6.273438402,-0.481949503,0.065818762,0.038266413,0.003707191
10,0.5,10,0,1,46.34672823,-80.93896185,59.15333759,-23.41869303,5.430900746,-0.739805953,0.054614231,-0.001531567,-0.000489327
10,-0.5,10,0,1,46.40880738,105.8203991,102.5032949,55.05363915,17.93687214,3.638014311,0.450689697,0.0321824,0.000532824
10,0.5,25,0,1,32.40946525,-57.89841622,43.22136103,-17.17944053,3.917210259,-0.503672762,0.033130894,-0.000536569,-0.001309908
10,-0.5,25,0,1,13.40759598,31.82873993,32.64234392,19.16602473,7.237834246,1.877157338,0.34265822,0.043393158,0.001564314
10,0.5,50,0,1,11.90018932,-20.29699107,14.45976171,-5.42585704,1.182504495,-0.130952371,0.010950157,0.00098939,-0.002524834
10,-0.5,50,0,1,4.908234115,12.4060771,13.22197012,7.902444172,3.044674735,0.869427199,0.21130358,0.045373976,0.003078486
10,0.5,75,0,1,-38.09731282,79.01490355,-66.96928045,30.1550177,-7.76967708,1.173538291,-0.087768333,0.006524874,-0.003426996
10,-0.5,75,0,1,-34.82970437,-68.28132305,-54.37163514,-22.32925998,-4.811741974,-0.370129799,0.086445872,0.041644755,0.003958544
10,0.5,100,0,1,43.077843,-86.53732387,71.87621177,-31.70879981,7.991913015,-1.125543729,0.094532186,0.002360353,-0.003967873
10,-0.5,100,0,1,25.08175146,49.66448518,40.45136746,17.60352617,4.529124008,0.785448047,0.140304071,0.041782724,0.004458932
10,0.6,10,0,1,17.58331857,-38.42172747,35.0593588,-17.26023535,4.936755633,-0.817697524,0.072095605,-0.002473581,-0.000491276
10,-0.6,10,0,1,12.53804859,34.34392767,40.00369495,25.8559779,10.12939591,2.458287309,0.359619279,0.029631144,0.000543701
10,0.6,25,0,1,8.654319356,-18.16815904,15.93745946,-7.416382177,1.953606711,-0.282191079,0.018899972,-3.84887E-05,-0.001332706
10,-0.6,25,0,1,7.941154426,21.13438631,24.03665126,15.44458499,6.284800028,1.728689456,0.330155492,0.043336938,0.001621298
10,0.6,50,0,1,-12.69579975,32.03293159,-32.81089001,17.72255585,-5.404264525,0.937254462,-0.083217331,0.004004124,-0.002637225
10,-0.6,50,0,1,4.715657191,12.47747216,13.87009526,8.53453558,3.298940637,0.914850555,0.215470836,0.046597115,0.003367307
10,0.6,75,0,1,5.570667185,-13.45678731,13.69377551,-7.468725085,2.348288951,-0.404800083,0.041601228,0.000663256,-0.003626406
10,-0.6,75,0,1,2.306405676,6.139819259,6.969427291,4.445456588,1.805485752,0.540325491,0.150257176,0.044777396,0.004480369
10,0.6,100,0,1,9.364253351,-21.82301689,21.07299103,-10.82903829,3.19414904,-0.523451855,0.053139546,0.002070643,-0.004367383
10,-0.6,100,0,1,-13.88251363,-37.23303146,-40.67131,-23.13537525,-7.20691789,-1.12031643,-0.016388457,0.038500937,0.005168621
10,0.7,10,0,1,3.960818816,-9.352384875,9.099938487,-4.720236014,1.411930799,-0.244993735,0.022722088,-0.000686529,-0.00050984
10,-0.7,10,0,1,5.427789624,17.50258817,23.74766757,17.6356116,7.804713965,2.097759445,0.332556538,0.029075794,0.000559888
10,0.7,25,0,1,0.620375781,-0.851438385,0.354374805,0.038350878,-0.088324819,0.042414876,-0.011206186,0.001546488,-0.001376171
10,-0.7,25,0,1,-1.229403052,-2.368648486,-0.813030284,1.466525586,1.792940167,0.91000147,0.253117152,0.040805354,0.001674421
10,0.7,50,0,1,-8.235587024,24.08042441,-28.74653819,18.13907656,-6.481178516,1.308337834,-0.136413851,0.006546004,-0.002712011
10,-0.7,50,0,1,12.47421202,35.50945459,41.72004124,26.2093856,9.601412065,2.16155864,0.340621664,0.052182559,0.003616666
10,0.7,75,0,1,7.735132783,-20.65330668,22.66285145,-13.14718205,4.345207707,-0.80510251,0.081728615,-0.001795742,-0.003774084
10,-0.7,75,0,1,-5.744779686,-15.98867767,-18.11380731,-10.6386523,-3.342283742,-0.445306248,0.054300089,0.042298547,0.004953776
10,0.7,100,0,1,4.862549819,-13.61139342,15.74510741,-9.671732091,3.396152643,-0.666228889,0.074002308,-8.53405E-05,-0.004655451
10,-0.7,100,0,1,-2.322846428,-6.163667926,-6.535223879,-3.482240689,-0.907729598,-0.025000625,0.075799171,0.042361691,0.00579933
10,0.8,10,0,1,3.169379619,-9.463640107,11.71791782,-7.761633627,2.954629222,-0.642901726,0.07363151,-0.003332427,-0.000501468
10,-0.8,10,0,1,6.281083576,20.93571023,29.00420247,21.67538032,9.492730361,2.47981228,0.376028331,0.03119551,0.000594853
10,0.8,25,0,1,7.814368969,-24.89676975,32.75690898,-22.87247421,9.078697844,-2.032149014,0.236580134,-0.011160814,-0.001282627
10,-0.8,25,0,1,4.086200807,13.43931128,18.44268207,13.81167701,6.24361552,1.800894363,0.343851982,0.044605247,0.001725771
10,0.8,50,0,1,-1.554005716,5.395306904,-7.535403356,5.511722282,-2.259790339,0.519035656,-0.060745175,0.003332252,-0.00272195
10,-0.8,50,0,1,4.939921967,15.91712264,21.07128533,14.83241506,6.065594613,1.53789716,0.282994146,0.050704604,0.003825007
10,0.8,75,0,1,2.687057205,-8.495493269,11.0559377,-7.592101324,2.953179317,-0.637940887,0.073197984,-0.002157901,-0.003882993
10,-0.8,75,0,1,0.009207895,0.320845833,0.917907692,1.118761878,0.759082902,0.345380384,0.129813475,0.045728895,0.005376239
10,0.8,100,0,1,0.834693547,-2.529184843,3.171010366,-2.092340424,0.780811754,-0.154078105,0.019131289,0.001632633,-0.004880379
10,-0.8,100,0,1,0.643578941,1.911189394,2.360498123,1.608530623,0.704804493,0.250014434,0.097534133,0.043624208,0.00635718
10,0.9,10,0,1,0.685681768,-2.158440243,2.81239747,-1.956365908,0.7803602,-0.177656625,0.021180325,-0.000842594,-0.0005335
10,-0.9,10,0,1,0.841890346,3.459580456,5.982326741,5.667534065,3.204622761,1.102510937,0.224016338,0.025220109,0.00064339
10,0.9,25,0,1,0.8161188,-2.744320602,3.890543132,-2.983145172,1.328695709,-0.342730675,0.047322631,-0.00252285,-0.001367878
10,-0.9,25,0,1,-0.215352912,-0.217832761,0.760492851,1.809462515,1.67774761,0.839818953,0.242456115,0.040919804,0.001802306
10,0.9,50,0,1,0.451028025,-1.589110403,2.398400635,-1.976764316,0.958835431,-0.267855639,0.03920177,-0.001725955,-0.002751194
10,-0.9,50,0,1,1.041216341,3.564553901,5.053233675,3.914196259,1.891509324,0.65563638,0.189338915,0.047365441,0.00400133
10,0.9,75,0,1,-1.416332706,5.147563832,-7.634411513,5.989703685,-2.674261563,0.68529173,-0.092396515,0.006480654,-0.004052208
10,-0.9,75,0,1,0.096156813,0.435855333,0.835908841,0.889117835,0.595898334,0.290718629,0.121285392,0.045913481,0.005724805
10,0.9,100,0,1,1.309837539,-4.535122283,6.47275286,-4.898862489,2.113940212,-0.508619156,0.06562545,-0.001226106,-0.005061417
10,-0.9,100,0,1,-0.847610866,-2.938271186,-4.151697771,-3.055038195,-1.210765847,-0.199750602,0.042121238,0.041634983,0.006861275
10,1,10,0,1,0.319678936,-1.168145659,1.80191678,-1.517259497,0.749369112,-0.215284196,0.032799133,-0.001898896,-0.000533851
10,-1,10,0,1,0.171951533,0.922791416,2.027088402,2.389881411,1.653116575,0.685153648,0.165344259,0.022028606,0.000693201
10,1,25,0,1,0.120595627,-0.345731352,0.388962551,-0.203059081,0.040663959,0.004426483,-0.003498089,0.000639688,-0.001438188
10,-1,25,0,1,0.47924686,2.059113397,3.748530836,3.798829908,2.372966124,0.955439006,0.248903353,0.041246807,0.001914827
10,1,50,0,1,0.094715363,-0.352964889,0.585490513,-0.537281041,0.288076799,-0.082801305,0.010429121,7.83941E-05,-0.002853612
10,-1,50,0,1,-0.419367099,-1.606401317,-2.466537794,-1.891303763,-0.675853896,0.003185541,0.100742514,0.042767923,0.004165352
10,1,75,0,1,-0.182629755,0.759201151,-1.257482249,1.081797875,-0.515332162,0.139817062,-0.019134602,0.002009337,-0.004149355
10,-1,75,0,1,-0.014899295,-0.00193789,0.11514785,0.248171334,0.26444974,0.191003672,0.105283299,0.045307687,0.00601236
10,1,100,0,1,0.882410525,-3.495931387,5.719495249,-4.975409175,2.474009131,-0.692530368,0.102730816,-0.004350864,-0.005215279
10,-1,100,0,1,-0.4356809,-1.646054325,-2.51311909,-1.978731503,-0.829374822,-0.137039451,0.042881863,0.041493071,0.007288531
10,1.1,10,0,1,0.164400582,-0.632673851,1.006631372,-0.854798662,0.417847558,-0.117739095,0.017497826,-0.000932928,-0.000558935
10,-1.1,10,0,1,0.146761321,0.739628034,1.586355899,1.886411853,1.352408472,0.594104875,0.15450776,0.022290922,0.000779499
10,1.1,25,0,1,0.150010782,-0.647213797,1.189176141,-1.181000049,0.670402602,-0.210903804,0.03280882,-0.002043096,-0.001485991
10,-1.1,25,0,1,0.276352372,1.346224889,2.763251583,3.126334025,2.144472489,0.925722631,0.251669831,0.042636134,0.002098069
10,1.1,50,0,1,0.12918389,-0.560135505,1.013421762,-0.966444811,0.514399467,-0.146253955,0.020559239,-0.00128833,-0.002978942
10,-1.1,50,0,1,0.004911841,0.054047745,0.188870115,0.340903354,0.378640045,0.279330135,0.137788206,0.045419514,0.004447394
10,1.1,75,0,1,-0.00841588,0.086996519,-0.237649334,0.305758263,-0.208565159,0.079775239,-0.013391997,0.001189049,-0.00435908
10,-1.1,75,0,1,-0.033618187,-0.112245432,-0.118092923,0.007282199,0.128717118,0.147027066,0.097654241,0.045529717,0.006407651
10,1.1,100,0,1,-0.219500801,0.97466954,-1.761478679,1.67946302,-0.905766128,0.278342129,-0.041726632,0.003814942,-0.005571181
10,-1.1,100,0,1,0.024283965,0.163214469,0.411777408,0.528005247,0.393179373,0.199292032,0.090845537,0.044895871,0.007771911
10,1.2,10,0,1,0.056850076,-0.227458235,0.380232207,-0.346697792,0.188862091,-0.061774635,0.01064421,-0.000596094,-0.000582947
10,-1.2,10,0,1,0.102976677,0.562755924,1.29974114,1.648987333,1.248092004,0.573407175,0.15515012,0.023315002,0.000915167
10,1.2,25,0,1,0.074335475,-0.336873818,0.638890808,-0.639093618,0.35187354,-0.100048779,0.012405401,-0.000771316,-0.001601763
10,-1.2,25,0,1,-0.043509475,-0.135127908,-0.053214337,0.295301654,0.533964036,0.414902181,0.171484622,0.039131255,0.002419072
10,1.2,50,0,1,0.060047937,-0.258913508,0.448614922,-0.382608147,0.157364636,-0.020441045,-0.001395837,-0.000225352,-0.003191136
10,-1.2,50,0,1,0.012672636,0.067768197,0.165186195,0.253682885,0.278313573,0.222134712,0.1222528,0.044811621,0.004934247
10,1.2,75,0,1,0.056791468,-0.241123826,0.410186393,-0.345920643,0.147539594,-0.026531076,0.003846357,-0.000394373,-0.004639646
10,-1.2,75,0,1,0.025867519,0.119913591,0.230443665,0.250540465,0.194143152,0.136750457,0.087879682,0.044500875,0.006885009
10,1.2,100,0,1,-0.005984765,0.071358797,-0.227613536,0.337306985,-0.260766279,0.107238931,-0.017093353,0.001850176,-0.005904252
10,-1.2,100,0,1,0.078467927,0.378165985,0.74931104,0.793320026,0.498989824,0.214538896,0.087856512,0.044346026,0.008280722
10,1.3,10,0,1,0.007813835,-0.010150766,-0.027810237,0.068985912,-0.054537297,0.018276568,-0.002851492,0.000282531,-0.000605268
10,-1.3,10,0,1,0.025970164,0.192506592,0.573487711,0.903066204,0.822644972,0.444385448,0.139090118,0.024031425,0.001203388
10,1.3,25,0,1,0.030323339,-0.158184681,0.348756966,-0.405826933,0.258961823,-0.08486488,0.01246346,-0.001148982,-0.001662747
10,-1.3,25,0,1,0.020671894,0.136021061,0.391861674,0.642360942,0.650833273,0.417422992,0.166781872,0.040448528,0.003024939
10,1.3,50,0,1,0.027674445,-0.130279782,0.244708371,-0.222096734,0.093150705,-0.010028398,-0.00023903,-0.000918123,-0.003392256
10,-1.3,50,0,1,0.006280031,0.030460577,0.069024187,0.111127955,0.146403539,0.146208474,0.098174512,0.042657781,0.005561372
10,1.3,75,0,1,0.030912772,-0.140559264,0.255225958,-0.230244542,0.108670697,-0.027186239,0.008256946,-0.001334701,-0.00496632
10,-1.3,75,0,1,0.046998529,0.24564585,0.527785252,0.608264173,0.422283933,0.205553461,0.092179197,0.043641675,0.007443896
10,1.3,100,0,1,0.033288091,-0.151284606,0.274981994,-0.251098318,0.123447259,-0.033595634,0.010136086,-0.000426425,-0.006274055
10,-1.3,100,0,1,0.040146267,0.207293266,0.438253406,0.492742578,0.3282965,0.152159303,0.071480921,0.042134112,0.008818204
10,1.4,10,0,1,-0.019674665,0.131033361,-0.336691675,0.43544864,-0.303820388,0.113727704,-0.022015654,0.002022747,-0.000685131
10,-1.4,10,0,1,0.012584772,0.109534065,0.366054238,0.632654223,0.626713199,0.368733051,0.127550341,0.025203521,0.001681755
10,1.4,25,0,1,0.014683507,-0.085298796,0.206051711,-0.255479804,0.166133573,-0.050599807,0.005992619,-0.001040214,-0.001786816
10,-1.4,25,0,1,-0.00836702,-0.033316332,-0.025916237,0.075256166,0.192057748,0.196094264,0.108904274,0.035222093,0.003586478
10,1.4,50,0,1,0.002821315,-0.007302286,-0.00723128,0.050330051,-0.072171198,0.043866989,-0.007726569,-0.000563892,-0.003789123
10,-1.4,50,0,1,0.006653153,0.035143372,0.080729608,0.114424088,0.122756805,0.109188626,0.075411041,0.037505711,0.005927788
10,1.4,75,0,1,-0.001093565,0.023247658,-0.096386227,0.176339577,-0.162720663,0.075075884,-0.011389338,0.000652885,-0.005456941
10,-1.4,75,0,1,0.022508583,0.126104254,0.290390226,0.359304175,0.269084093,0.142700016,0.070794141,0.038225664,0.007563794
10,1.4,100,0,1,0.022361679,-0.114808776,0.24021729,-0.262463864,0.164743502,-0.062172756,0.017879302,-0.000500325,-0.006737551
10,-1.4,100,0,1,0.019658381,0.110058718,0.252819735,0.31052278,0.228277403,0.117351335,0.059232967,0.037527718,0.00874829
10,1.5,10,0,1,-6.59462E-05,-0.000177007,0.01646983,-0.062080945,0.089870652,-0.058113135,0.015192619,-0.001090257,-0.000726744
10,-1.5,10,0,1,0.002839838,0.028828874,0.107359345,0.204478812,0.225237624,0.15265866,0.065583309,0.018444334,0.002066876
10,1.5,25,0,1,-0.000933974,0.005596764,-0.015216968,0.029200157,-0.037421728,0.026763731,-0.006879615,-0.00039846,-0.00192088
10,-1.5,25,0,1,-0.002409653,-0.006934548,0.006457259,0.051543669,0.089865942,0.08138007,0.045552356,0.019082061,0.003265053
10,1.5,50,0,1,0.000359721,0.00148266,-0.013017342,0.031352852,-0.033729043,0.016362683,-0.000231767,-0.000301305,-0.003626309
10,-1.5,50,0,1,-0.0009391,-0.00291343,0.002263167,0.023524662,0.048053474,0.052160424,0.035605652,0.019655507,0.004379689
10,1.5,75,0,1,-0.001165844,0.009957583,-0.031595908,0.050898727,-0.043061628,0.017742302,8.81431E-05,0.000574253,-0.004600875
10,-1.5,75,0,1,-0.00122793,-0.006207475,-0.0114393,-0.005140978,0.014553972,0.029861005,0.027669717,0.019522887,0.005050631
10,1.5,100,0,1,-0.00046928,0.00515922,-0.018136169,0.030782369,-0.026099315,0.010249707,0.001531902,0.00144594,-0.005396999
10,-1.5,100,0,1,0.001342444,0.00756076,0.017748943,0.025034847,0.0283612,0.029554643,0.025031162,0.019554597,0.005505054
20,0.1,10,0,1,-2248785.56,1015432.746,-190483.4927,19300.79764,-1142.943687,40.23698455,-0.783218771,0.010350311,-0.000358753
20,-0.1,10,0,1,-1251952.238,-429634.493,-58557.06488,-3871.689993,-103.942011,2.188106293,0.323194247,0.019870311,0.000349936
20,0.1,25,0,1,-3276052.298,1508586.703,-292004.5202,30907.99861,-1943.402891,73.86704458,-1.602022248,0.024393848,-0.000570965
20,-0.1,25,0,1,1452361.545,536853.5477,80828.45603,6414.593851,296.1538196,9.053315755,0.289958508,0.02007417,0.00048695
20,0.1,50,0,1,2440911.418,-1084481.086,201959.1349,-20444.341,1222.308465,-43.72935346,0.934859587,-0.001345871,-0.000476997
20,-0.1,50,0,1,2131899.728,849472.5901,138971.9139,12020.22772,591.6659576,16.97691439,0.343365707,0.019305798,0.000457702
20,0.1,75,0,1,-1234773.856,560179.5051,-105244.7645,10604.69707,-618.5792017,21.14058095,-0.380400893,0.013828384,-0.000497831
20,-0.1,75,0,1,2570387.64,1027550.661,167842.0394,14373.35228,689.6963025,18.64901722,0.324596093,0.018499242,0.000408952
20,0.1,100,0,1,-2005925.606,850129.8175,-149651.8247,14192.85735,-785.1611015,25.69731122,-0.455496678,0.015358935,-0.000466622
20,-0.1,100,0,1,2108680.065,897181.5156,154914.601,13959.30226,703.323309,19.93267769,0.34809541,0.01855955,0.000368276
20,0.2,10,0,1,6121.025692,-4871.464389,1644.363335,-298.2769189,31.33593743,-1.849504513,0.062026974,-0.000204309,-0.000439945
20,-0.2,10,0,1,7259.23359,6244.306856,2269.222167,458.0421128,57.63823818,5.006555427,0.34838245,0.021874559,0.000465481
20,0.2,25,0,1,3676.018617,-2028.126303,362.6144822,-6.220858914,-5.456101988,0.751385518,-0.025804585,0.003861991,-0.000835748
20,-0.2,25,0,1,-20636.13841,-15721.33155,-4883.890548,-788.6290415,-68.53305998,-2.623619769,0.073528924,0.021292856,0.00085731
20,0.2,50,0,1,30536.90389,-26408.81425,9544.15528,-1864.485514,212.8426043,-14.2313306,0.544903816,-0.003504711,-0.000989771
20,-0.2,50,0,1,19739.72111,15410.45166,4965.215518,854.0827646,85.05297654,5.109152185,0.2316222,0.021975231,0.00101731
20,0.2,75,0,1,1526.006711,-1084.182314,305.6976053,-40.52095561,2.186711508,0.059759077,0.006003115,0.00782423,-0.001092064
20,-0.2,75,0,1,40521.00563,30300.94713,9264.874692,1496.134411,137.8956358,7.426496552,0.268301753,0.021635153,0.001006023
20,0.2,100,0,1,2948.211852,-2255.227646,707.0163807,-115.5772154,10.56773076,-0.51489491,0.027556483,0.008595914,-0.001083598
20,-0.2,100,0,1,23609.58305,17812.38859,5494.378708,893.485572,82.66844094,4.485189518,0.176086585,0.020098878,0.00095263
20,0.3,10,0,1,187.1513967,-164.8972884,60.80135298,-11.65817048,1.26604649,-0.063065833,0.001228602,0.000318466,-0.000482909
20,-0.3,10,0,1,-483.8235286,-477.9150528,-169.2432449,-18.39558346,4.050016995,1.614788843,0.244915361,0.021519176,0.000512594
20,0.3,25,0,1,-2939.866034,3700.858431,-1918.478598,529.8152245,-83.91395293,7.661707595,-0.37164525,0.010230702,-0.001098433
20,-0.3,25,0,1,-397.8230418,-439.1748001,-187.8735742,-36.63293556,-1.922623324,0.568202747,0.153642077,0.024027094,0.00111751
20,0.3,50,0,1,-552.4534832,616.799024,-276.2791355,64.27559805,-8.309125356,0.617296511,-0.014126529,0.004819435,-0.00146174
20,-0.3,50,0,1,1804.892033,2152.756674,1056.077137,275.0197495,41.08962284,3.643193208,0.229454722,0.024594628,0.001500294
20,0.3,75,0,1,103.0094318,-59.67347286,-6.481679243,13.03163525,-3.996764024,0.576392082,-0.029885761,0.007426649,-0.001633284
20,-0.3,75,0,1,487.9121294,592.2752391,297.3221653,80.29438318,12.86315156,1.336242452,0.12284073,0.0223566,0.001602235
20,0.3,100,0,1,2617.699867,-3355.524914,1788.743558,-512.1586803,84.84981194,-8.108863728,0.428278266,-0.002239477,-0.001626364
20,-0.3,100,0,1,-378.3854902,-462.5354677,-227.1545524,-56.85014909,-7.419920995,-0.378098863,0.038315675,0.02008987,0.001578624
20,0.4,10,0,1,213.902715,-347.1069522,236.0292999,-86.27364666,18.18810514,-2.195478444,0.14126875,-0.00385084,-0.000473925
20,-0.4,10,0,1,-163.0171459,-240.944317,-140.4413779,-39.22411601,-4.299116721,0.375689582,0.166559941,0.020260485,0.000538489
20,0.4,25,0,1,-156.2391939,254.8815727,-168.5818513,58.57547844,-11.48138516,1.287736103,-0.074017185,0.003058431,-0.001195291
20,-0.4,25,0,1,-107.0559045,-160.8044602,-96.76411602,-29.07537374,-4.090728935,0.009986836,0.109817424,0.023990612,0.001292702
20,0.4,50,0,1,-124.265806,188.1603964,-112.833949,33.99007378,-5.247897051,0.362803616,0.006536575,0.00236855,-0.001782884
20,-0.4,50,0,1,143.6403012,233.0060345,155.6581326,55.45841235,11.50213005,1.486005113,0.155109892,0.025361073,0.001917784
20,0.4,75,0,1,109.0398695,-184.5346421,130.7180459,-49.85202932,11.02004172,-1.398639171,0.104693059,0.001985508,-0.002053382
20,-0.4,75,0,1,148.1170357,228.7973464,143.9207801,47.47747771,8.902628767,1.021202451,0.105212535,0.023407843,0.002148699
20,0.4,100,0,1,-137.0143134,228.3790497,-155.1809106,55.34169088,-11.04187226,1.223510372,-0.06030646,0.007893021,-0.002228915
20,-0.4,100,0,1,-160.9951167,-288.4741707,-210.6623591,-80.28897485,-16.88912677,-1.854490941,-0.061018895,0.019255046,0.002203364
20,0.5,10,0,1,12.54053257,-19.92543278,13.08174932,-4.495940454,0.859598711,-0.087378303,0.003951073,4.67829E-05,-0.000510505
20,-0.5,10,0,1,70.08745211,140.5075933,117.394021,53.43975933,14.6455341,2.552515407,0.295255263,0.023397981,0.000550573
20,0.5,25,0,1,46.48522151,-92.67289319,76.76697977,-33.94670995,8.608851886,-1.233670573,0.094694769,-0.002477575,-0.001237188
20,-0.5,25,0,1,14.67772928,37.36769156,38.384873,20.85608579,6.639295833,1.339683958,0.198994285,0.027388281,0.001436098
20,0.5,50,0,1,56.377508,-112.9972645,93.5540978,-41.21851531,10.40622955,-1.492194527,0.119180357,-0.001390689,-0.002033388
20,-0.5,50,0,1,45.04085267,92.80667597,78.80528496,35.62910682,9.307682744,1.474124768,0.1711813,0.027414865,0.002280769
20,0.5,75,0,1,-44.30537388,90.52000328,-75.81126669,33.64743424,-8.499170122,1.227348427,-0.087857843,0.007369657,-0.002491612
20,-0.5,75,0,1,125.7060624,249.2780885,202.9807972,87.50997101,21.4943813,3.043447225,0.263558085,0.029313349,0.002645333
20,0.5,100,0,1,16.01105867,-33.61683368,29.64115642,-14.1028372,3.893669901,-0.611578005,0.057611429,0.003626515,-0.002681677
20,-0.5,100,0,1,-115.6473873,-219.7536294,-170.0580707,-68.78138832,-15.4392145,-1.836067353,-0.071204948,0.019997275,0.002791182
20,0.6,10,0,1,17.46869432,-41.58145679,41.37296863,-22.12731303,6.820885054,-1.201925328,0.111606301,-0.004331214,-0.000482485
20,-0.6,10,0,1,16.45677508,39.53990616,39.79111796,22.03329246,7.462951657,1.635505299,0.237117432,0.02232944,0.000573217
20,0.6,25,0,1,14.40569572,-34.81532743,34.78173135,-18.3983699,5.520278712,-0.927016228,0.082186165,-0.002737263,-0.001287578
20,-0.6,25,0,1,19.94880584,48.57597861,48.94978716,26.48696735,8.416092334,1.660478584,0.229669015,0.029108705,0.001543843
20,0.6,50,0,1,-45.75578715,105.1473328,-98.29117551,48.22086486,-13.33997034,2.086487909,-0.168939598,0.008111054,-0.002320139
20,-0.6,50,0,1,-5.154436552,-14.01902985,-15.41693312,-8.719414834,-2.611560888,-0.330701644,0.032611304,0.024418445,0.002608331
20,0.6,75,0,1,-22.14415504,57.70322574,-61.71648271,34.9184157,-11.18975074,2.022263139,-0.185534545,0.011076534,-0.002854739
20,-0.6,75,0,1,0.62407544,2.30030854,3.282961806,2.439147455,1.063591792,0.305781335,0.076100339,0.025178698,0.003089384
20,0.6,100,0,1,10.7972621,-25.79992609,25.38191883,-13.22583008,3.925327323,-0.65575693,0.063211495,0.00257484,-0.003104323
20,-0.6,100,0,1,47.58552108,116.3237332,116.8361422,62.05797023,18.67374014,3.177168608,0.30565261,0.031859436,0.003339082
20,0.7,10,0,1,3.991127186,-10.37691697,11.205141,-6.450311455,2.116694026,-0.390224464,0.036537997,-0.001261446,-0.000515573
20,-0.7,10,0,1,-1.123033258,-1.967365239,-0.333433354,1.587464312,1.582920875,0.693126227,0.161347865,0.020293338,0.000598855
20,0.7,25,0,1,5.161799283,-14.26274686,16.39321638,-10.08336497,3.573274063,-0.724060646,0.07879612,-0.003501669,-0.001304831
20,-0.7,25,0,1,1.802723545,4.980293353,5.843586376,3.901478133,1.708663897,0.548311566,0.137616265,0.026836295,0.001646739
20,0.7,50,0,1,1.055780084,-3.434835305,4.751626965,-3.527828829,1.502443725,-0.356376148,0.046625128,-0.000902357,-0.002393533
20,-0.7,50,0,1,-6.360541407,-17.16357344,-18.77757384,-10.61968476,-3.226598866,-0.446012743,0.021580066,0.024865168,0.002913778
20,0.7,75,0,1,18.97065897,-51.86202768,57.7764252,-33.69017239,10.99704235,-1.984762016,0.187572679,-0.004332571,-0.00301486
20,-0.7,75,0,1,-0.690492238,-1.467424839,-0.960836215,0.028846694,0.332516332,0.192398431,0.069571337,0.026152127,0.003538529
20,0.7,100,0,1,6.274249367,-18.58553991,22.82314278,-14.95766671,5.615302829,-1.194154753,0.137819147,-0.00218456,-0.003421639
20,-0.7,100,0,1,7.712392048,21.15098742,23.78415954,14.16335301,4.830545407,0.972086916,0.131976265,0.027706885,0.00385752
20,0.8,10,0,1,-0.104680206,0.774919807,-1.513632165,1.368090791,-0.662972215,0.177767986,-0.025211295,0.001649842,-0.000557625
20,-0.8,10,0,1,1.186106591,4.11468802,6.080097359,5.022013113,2.553987103,0.82643799,0.167422821,0.0201977,0.000608729
20,0.8,25,0,1,-3.87117696,12.88557612,-17.61690687,12.80452477,-5.319562775,1.259416103,-0.15671032,0.008418961,-0.001448037
20,-0.8,25,0,1,-0.892963448,-2.640250249,-3.009108979,-1.540236641,-0.183131828,0.183501536,0.103317044,0.026108782,0.001733743
20,0.8,50,0,1,-0.091239276,0.310466388,-0.328400756,0.099164087,0.055296663,-0.04301231,0.012706511,7.1439E-05,-0.002522264
20,-0.8,50,0,1,-1.149052372,-3.555826662,-4.402368333,-2.736263839,-0.835057529,-0.052209385,0.053774874,0.026542805,0.003193044
20,0.8,75,0,1,0.328775848,-0.970993077,1.205639987,-0.79896908,0.303713136,-0.061022592,0.009387996,0.002036006,-0.003292705
20,-0.8,75,0,1,-0.211909879,-0.716996471,-0.944895611,-0.586035968,-0.130674163,0.048949038,0.050388311,0.026104538,0.003958197
20,0.8,100,0,1,3.216813317,-10.4625039,14.0283886,-9.975996285,4.033788631,-0.915822423,0.111789888,-0.001740653,-0.00376091
20,-0.8,100,0,1,-2.541171978,-7.984464535,-10.21942357,-6.822239797,-2.504535088,-0.465538966,-0.012382313,0.022761017,0.004349002
20,0.9,10,0,1,0.394671154,-1.19572918,1.486192348,-0.975319205,0.364680408,-0.078252877,0.009017632,-0.000368027,-0.000538232
20,-0.9,10,0,1,0.600769804,2.464647113,4.25574376,4.030508431,2.288018773,0.799965203,0.169721151,0.021010062,0.000676551
20,0.9,25,0,1,2.201363693,-7.816222322,11.42344563,-8.838138911,3.880812656,-0.957940376,0.122550974,-0.006216098,-0.001346988
20,-0.9,25,0,1,0.012836238,0.312339806,0.973516508,1.32933574,1.001563308,0.46019484,0.136647296,0.027956427,0.00183395
20,0.9,50,0,1,-0.371170332,1.562174871,-2.6561222,2.376851724,-1.200554248,0.34231293,-0.048520762,0.003677866,-0.002630162
20,-0.9,50,0,1,0.10512232,0.372597337,0.569502745,0.512266785,0.323018079,0.165262498,0.072896791,0.027713745,0.003467371
20,0.9,75,0,1,0.115938211,-0.342991377,0.404792848,-0.230805279,0.062276943,-0.001727564,0.000933953,0.002069338,-0.003470393
20,-0.9,75,0,1,0.776727865,2.573740019,3.447937966,2.419235978,0.984738853,0.266813475,0.070339166,0.02732259,0.004344437
20,0.9,100,0,1,0.455861538,-1.677242651,2.570778943,-2.10548926,0.987244048,-0.258551672,0.038115487,0.001113067,-0.004035065
20,-0.9,100,0,1,-1.719572597,-5.973044085,-8.424520568,-6.174726918,-2.481201107,-0.508174771,-0.021686417,0.022871488,0.004831225
20,1,10,0,1,-0.070461267,0.401545627,-0.826835855,0.844106012,-0.469088532,0.142413166,-0.022035417,0.001505296,-0.00057129
20,-1,10,0,1,0.269491637,1.19055632,2.229209071,2.314717699,1.461173543,0.576592862,0.139527652,0.019802078,0.000749318
20,1,25,0,1,0.232892138,-0.816444029,1.162907038,-0.856151245,0.347739968,-0.076312141,0.00841939,-0.000212661,-0.001417307
20,-1,25,0,1,0.205365337,0.878085405,1.587860332,1.603011231,1.013248864,0.431280041,0.129205378,0.027956222,0.001969039
20,1,50,0,1,-0.667868644,2.718018046,-4.51732902,3.962564818,-1.969482109,0.554232001,-0.080385477,0.005616896,-0.002735554
20,-1,50,0,1,-0.694933031,-2.721154509,-4.330756629,-3.57349379,-1.590527919,-0.328694035,0.010683754,0.025712042,0.003738104
20,1,75,0,1,0.188302534,-0.702507507,1.087065494,-0.898710241,0.430320017,-0.116649883,0.01881359,0.000584418,-0.003631984
20,-1,75,0,1,0.542416083,2.140233844,3.470450272,2.99426109,1.496485048,0.45665451,0.102092307,0.029992203,0.004736199
20,1,100,0,1,-0.07403351,0.393577452,-0.811901303,0.862580345,-0.510556324,0.171122245,-0.026869836,0.004716486,-0.004349211
20,-1,100,0,1,-0.285010563,-1.181514709,-2.009927555,-1.791303547,-0.873453336,-0.204723591,0.00455763,0.02466221,0.005352267
20,1.1,10,0,1,-0.034710033,0.182790409,-0.362294112,0.360808158,-0.196140248,0.058093099,-0.008800158,0.00060895,-0.000565116
20,-1.1,10,0,1,-0.073403403,-0.252304882,-0.259693494,0.054334826,0.310633117,0.256916442,0.097601471,0.018535528,0.000859087
20,1.1,25,0,1,-0.024836691,0.125616407,-0.233541648,0.214290962,-0.103805201,0.027144191,-0.003625842,0.000264973,-0.001459899
20,-1.1,25,0,1,0.058921254,0.288057682,0.606276113,0.731952244,0.570595086,0.304624248,0.111816837,0.02783638,0.002160732
20,1.1,50,0,1,0.217965748,-0.991056251,1.864689163,-1.858792929,1.048793382,-0.32830167,0.053233136,-0.002889048,-0.00279008
20,-1.1,50,0,1,0.176038192,0.802650255,1.517361032,1.546855845,0.93635783,0.363635449,0.106745405,0.031489667,0.003997183
20,1.1,75,0,1,0.020443643,-0.059115901,0.061560578,-0.021715368,-0.003759552,0.006640003,-6.10013E-05,0.001513152,-0.003858824
20,-1.1,75,0,1,-0.121947265,-0.488092333,-0.77437981,-0.605522804,-0.218190191,0.003652292,0.042499175,0.028033621,0.005134221
20,1.1,100,0,1,-0.028484998,0.159540982,-0.348021847,0.393762668,-0.249357334,0.090501067,-0.014517548,0.003557466,-0.004630234
20,-1.1,100,0,1,0.04158982,0.167290113,0.2820897,0.269151372,0.172115361,0.089311604,0.046287903,0.027737673,0.005833757
20,1.2,10,0,1,0.026267051,-0.100470065,0.160978295,-0.141270902,0.075419261,-0.025105056,0.00471806,-0.000422076,-0.000572975
20,-1.2,10,0,1,0.083764233,0.456543809,1.053074028,1.337765382,1.018871523,0.475451988,0.132826273,0.021266143,0.000995595
20,1.2,25,0,1,0.119042968,-0.552467874,1.059392179,-1.075389424,0.617009649,-0.196282096,0.03203036,-0.002378312,-0.001498964
20,-1.2,25,0,1,0.054525351,0.265051887,0.548761938,0.64774578,0.497684837,0.269908869,0.104817856,0.028248256,0.002453591
20,1.2,50,0,1,0.041837778,-0.175819187,0.302826267,-0.270932373,0.13384275,-0.034565167,0.005920395,-0.000279015,-0.002981367
20,-1.2,50,0,1,0.051040866,0.238725065,0.465800725,0.501683458,0.341649872,0.170998242,0.074614727,0.030180249,0.004354625
20,1.2,75,0,1,0.025631061,-0.097471194,0.144281324,-0.099162943,0.027958764,0.002198803,-5.39542E-05,0.001184818,-0.004117929
20,-1.2,75,0,1,0.113171639,0.528947269,1.008385796,1.014680396,0.591456065,0.220769202,0.071117058,0.030296011,0.005570438
20,1.2,100,0,1,-0.017701698,0.120175494,-0.311471921,0.413658492,-0.304470065,0.125102918,-0.02335033,0.0040488,-0.00496991
20,-1.2,100,0,1,0.10670583,0.515549212,1.027380622,1.093237695,0.676533499,0.258235346,0.075035714,0.030487764,0.00633719
20,1.3,10,0,1,-0.010582031,0.065716928,-0.152756176,0.178055575,-0.114589693,0.042621845,-0.009242393,0.000829338,-0.000627303
20,-1.3,10,0,1,-0.015548919,-0.038121248,0.045462317,0.259152768,0.37249721,0.264621585,0.101293261,0.0208178,0.001261593
20,1.3,25,0,1,0.037483032,-0.184131471,0.37114689,-0.388265823,0.221380705,-0.06561519,0.009986905,-0.001253385,-0.001623988
20,-1.3,25,0,1,0.077674217,0.410575882,0.904525359,1.086453239,0.788717695,0.371314154,0.122245276,0.030400947,0.002871599
20,1.3,50,0,1,0.074680452,-0.38510749,0.819017788,-0.922083775,0.590350847,-0.214132368,0.043383077,-0.003675422,-0.003220425
20,-1.3,50,0,1,0.024710496,0.13445997,0.306200998,0.383936877,0.299160063,0.163770809,0.073931396,0.030784758,0.004799253
20,1.3,75,0,1,-0.011724504,0.0686237,-0.157608505,0.185702822,-0.117977358,0.039064071,-0.00295215,0.000932498,-0.004451835
20,-1.3,75,0,1,0.076615993,0.396584757,0.847096401,0.968628642,0.648124468,0.270357212,0.08484421,0.032145688,0.006058652
20,1.3,100,0,1,0.012310192,-0.059715208,0.124190375,-0.141897869,0.097384841,-0.03957107,0.011750262,0.000953613,-0.005336771
20,-1.3,100,0,1,-0.04188691,-0.202192809,-0.391320665,-0.383827466,-0.190948929,-0.026585139,0.027159645,0.027986505,0.006872299
20,1.4,10,0,1,0.001632854,-0.009509331,0.031899773,-0.060060339,0.060157838,-0.029615151,0.006026824,-0.000556559,-0.000630784
20,-1.4,10,0,1,-0.007825179,-0.011129252,0.071319419,0.246675771,0.333423453,0.239007953,0.096408009,0.021984975,0.001707297
20,1.4,25,0,1,0.025230811,-0.136132552,0.301145059,-0.346588629,0.219502906,-0.074639529,0.014062954,-0.001917159,-0.00179616
20,-1.4,25,0,1,-0.018175214,-0.095516153,-0.194370365,-0.179870129,-0.044476161,0.05920193,0.061579018,0.026908436,0.003436075
20,1.4,50,0,1,0.007043945,-0.023936231,0.017079399,0.030064687,-0.05649521,0.033678003,-0.005323671,0.000197498,-0.003555957
20,-1.4,50,0,1,-0.023003835,-0.121343301,-0.256303192,-0.270471734,-0.134678725,-0.001044573,0.040164059,0.028507717,0.005344487
20,1.4,75,0,1,0.01759661,-0.099082346,0.235725802,-0.305195384,0.233337773,-0.105199197,0.028338837,-0.0017282,-0.004816758
20,-1.4,75,0,1,-0.041389872,-0.230188008,-0.522996925,-0.620007223,-0.399309007,-0.118890621,0.009931233,0.02683695,0.006573367
20,1.4,100,0,1,0.015621437,-0.08534226,0.195631121,-0.242438074,0.176874627,-0.076039839,0.020538887,0.000248257,-0.0057864
20,-1.4,100,0,1,-0.012071232,-0.059415774,-0.113625675,-0.101629371,-0.031472036,0.021288798,0.032934666,0.028308514,0.007387752
20,1.5,10,0,1,-0.013343247,0.078988681,-0.183956461,0.217195103,-0.140187985,0.051910365,-0.011702406,0.001039856,-0.000682917
20,-1.5,10,0,1,-0.008089291,-0.034546447,-0.040650918,0.027994206,0.115201922,0.123100597,0.066459506,0.019860883,0.00207569
20,1.5,25,0,1,0.005650455,-0.030747995,0.067028575,-0.070512532,0.033709741,-0.003752269,0.000241845,-0.00086553,-0.00202865
20,-1.5,25,0,1,-0.009721401,-0.055422949,-0.124419673,-0.133635444,-0.05501195,0.025732104,0.043350364,0.024009786,0.003849273
20,1.5,50,0,1,0.009404446,-0.049045406,0.101019334,-0.102232187,0.053147275,-0.014639846,0.00514164,-0.000438307,-0.003907352
20,-1.5,50,0,1,-0.002617365,-0.015693964,-0.036739078,-0.039069084,-0.009028176,0.025813544,0.035902791,0.025968411,0.005593019
20,1.5,75,0,1,-0.012128263,0.076347127,-0.194867156,0.260587961,-0.193647317,0.078129531,-0.013051292,0.002422653,-0.005242324
20,-1.5,75,0,1,-0.003978406,-0.018313314,-0.029083091,-0.011604264,0.020682185,0.036785883,0.034436616,0.026498182,0.006704987
20,1.5,100,0,1,0.011017463,-0.064118507,0.15539532,-0.202260407,0.154115848,-0.069083047,0.019296841,0.000536315,-0.006134404
20,-1.5,100,0,1,-0.00510567,-0.027353763,-0.05910244,-0.06485053,-0.033816026,0.003711428,0.022469638,0.025380446,0.007448425
